date,merchant,amount
2026-01-04,CVS PHARMACY,33.27
2026-01-19,WALGREENS,34.89
2026-02-13,WALGREENS,20.59
2026-03-15,STARBUCKS #221,6.51
2026-01-02,SHELL OIL,64.96
2026-03-08,ADOBE *CREATIVE CLOUD,54.18
2026-02-02,DOORDASH*ORDER,52.23
2026-02-07,MCDONALDS,5.49
2026-02-23,CHIPOTLE,15.76
2026-03-08,WALGREENS,41.61
2026-01-08,WALGREENS,24.82
2026-03-02,DOORDASH*ORDER,18.71
2026-02-12,DOORDASH*ORDER,37.31
2026-01-16,CHIPOTLE,19.49
2026-02-16,AMAZON.COM*MKTPLACE,11.94
2026-01-07,NYTIMES.COM/SUBSCRIBE,4.35
2026-03-23,TRADER JOES #112,53.63
2026-03-04,NYTIMES.COM/SUBSCRIBE,4.26
2026-03-03,AMAZON.COM*MKTPLACE,51.79
2026-02-06,DISNEY PLUS,13.84
2026-03-18,TARGET T-1902,49.55
2026-01-05,CVS PHARMACY,27.14
2026-03-13,LYFT *RIDE,34.05
2026-01-29,CVS PHARMACY,35.08
2026-02-28,AMAZON.COM*MKTPLACE,59.16
2026-01-01,DOORDASH*ORDER,49.90
2026-02-19,WALGREENS,14.55
2026-02-07,LYFT *RIDE,30.78
2026-01-04,CVS PHARMACY,27.81
2026-02-04,NYTIMES.COM/SUBSCRIBE,4.25
2026-03-05,CVS PHARMACY,16.40
2026-01-23,SHELL OIL,29.09
2026-01-26,STARBUCKS #221,4.10
2026-03-07,PLANET FITNESS #4471,24.95
2026-02-26,UBER *TRIP,24.76
2026-01-21,NYTIMES.COM/SUBSCRIBE,4.27
2026-01-25,MCDONALDS,10.36
2026-03-26,STARBUCKS #221,4.90
2026-02-14,MCDONALDS,17.38
2026-02-06,NETFLIX.COM,15.82
2026-01-22,TRADER JOES #112,68.54
2026-02-16,SHELL OIL,35.27
2026-02-08,ADOBE *CREATIVE CLOUD,55.22
2026-02-26,LYFT *RIDE,18.22
2026-01-12,TARGET T-1902,56.49
2026-01-28,NYTIMES.COM/SUBSCRIBE,4.27
2026-02-24,TARGET T-1902,16.79
2026-03-20,TRADER JOES #112,40.40
2026-03-20,AMAZON.COM*MKTPLACE,40.67
2026-01-20,MCDONALDS,15.04
2026-02-28,KROGER,66.84
2026-01-24,TARGET T-1902,47.92
2026-03-25,DOORDASH*ORDER,35.37
2026-01-09,UBER *TRIP,20.05
2026-01-06,TARGET T-1902,83.61
2026-03-23,LYFT *RIDE,23.99
2026-03-07,WALGREENS,25.74
2026-01-06,AMAZON PRIME*MEMBERSHIP,14.86
2026-03-15,STARBUCKS #221,5.50
2026-02-03,CVS PHARMACY,20.95
2026-02-04,MCDONALDS,9.50
2026-01-24,CVS PHARMACY,32.08
2026-02-09,TARGET T-1902,74.50
2026-01-13,TRADER JOES #112,20.84
2026-01-11,KROGER,27.97
2026-02-18,CVS PHARMACY,35.60
2026-01-05,TARGET T-1902,79.30
2026-03-19,UBER *TRIP,16.26
2026-02-06,CVS PHARMACY,16.11
2026-03-04,MCDONALDS,10.76
2026-02-27,AMAZON.COM*MKTPLACE,35.65
2026-03-11,TRADER JOES #112,23.26
2026-03-12,UBER *TRIP,18.48
2026-02-20,LYFT *RIDE,37.60
2026-03-21,KROGER,49.90
2026-01-14,TRADER JOES #112,78.68
2026-03-07,STARBUCKS #221,4.67
2026-01-07,PLANET FITNESS #4471,25.11
2026-01-08,ADOBE *CREATIVE CLOUD,54.16
2026-03-22,TARGET T-1902,15.12
2026-01-14,NYTIMES.COM/SUBSCRIBE,4.31
2026-03-11,NYTIMES.COM/SUBSCRIBE,4.30
2026-02-17,LYFT *RIDE,27.37
2026-02-06,SPOTIFY USA,11.88
2026-03-12,SHELL OIL,36.16
2026-03-17,CVS PHARMACY,20.93
2026-03-31,CHIPOTLE,18.09
2026-02-10,WALMART,70.13
2026-02-13,LYFT *RIDE,36.71
2026-02-08,LYFT *RIDE,29.49
2026-01-09,WALMART,52.16
2026-01-28,STARBUCKS #221,7.12
2026-03-22,STARBUCKS #221,4.35
2026-03-10,TRADER JOES #112,59.92
2026-01-06,TARGET T-1902,69.73
2026-01-17,CHIPOTLE,19.85
2026-01-13,LYFT *RIDE,36.71
2026-01-03,KROGER,60.21
2026-02-01,SHELL OIL,47.34
2026-02-25,NYTIMES.COM/SUBSCRIBE,4.34
2026-03-09,MCDONALDS,10.51
2026-03-06,CHIPOTLE,22.97
2026-02-05,TRADER JOES #112,91.54
2026-01-10,KROGER,65.32
2026-02-03,STARBUCKS #221,7.76
2026-01-06,SPOTIFY USA,11.78
2026-03-03,KROGER,50.47
2026-01-10,SHELL OIL,87.82
2026-03-26,DOORDASH*ORDER,43.81
2026-01-22,MCDONALDS,9.39
2026-03-01,MCDONALDS,13.65
2026-02-24,TARGET T-1902,51.16
2026-01-27,LYFT *RIDE,21.12
2026-01-07,CHIPOTLE,14.33
2026-03-28,WALMART,74.17
2026-02-02,LYFT *RIDE,20.53
2026-03-29,CHIPOTLE,23.85
2026-01-15,CVS PHARMACY,26.79
2026-02-11,UBER *TRIP,8.11
2026-02-05,SHELL OIL,82.74
2026-03-04,MCDONALDS,6.00
2026-03-06,NETFLIX.COM,15.31
2026-02-15,WALMART,68.82
2026-02-22,UBER *TRIP,42.24
2026-02-27,STARBUCKS #221,6.67
2026-02-25,AMAZON.COM*MKTPLACE,71.55
2026-02-24,DOORDASH*ORDER,23.94
2026-02-15,TARGET T-1902,51.32
2026-03-14,UBER *TRIP,31.10
2026-01-16,SHELL OIL,35.65
2026-02-01,SHELL OIL,46.78
2026-01-25,TRADER JOES #112,89.68
2026-03-06,AMAZON PRIME*MEMBERSHIP,14.71
2026-03-18,TRADER JOES #112,55.32
2026-01-11,UBER *TRIP,34.98
2026-01-08,KROGER,82.72
2026-03-09,MCDONALDS,6.85
2026-01-06,NETFLIX.COM,15.19
2026-02-22,CHIPOTLE,23.65
2026-02-18,NYTIMES.COM/SUBSCRIBE,4.31
2026-01-06,DISNEY PLUS,14.02
2026-01-30,TRADER JOES #112,23.90
2026-03-14,CVS PHARMACY,47.69
2026-01-11,LYFT *RIDE,31.89
2026-03-28,WALGREENS,20.17
2026-03-26,CVS PHARMACY,13.70
2026-01-12,CHIPOTLE,21.87
2026-03-05,CHIPOTLE,16.69
2026-03-16,STARBUCKS #221,8.53
2026-02-21,UBER *TRIP,26.00
2026-01-15,WALMART,55.30
2026-01-14,CVS PHARMACY,9.33
2026-02-06,AMAZON PRIME*MEMBERSHIP,14.67
2026-03-19,WALMART,60.99
2026-03-25,LYFT *RIDE,36.25
2026-03-02,UBER *TRIP,11.07
2026-03-06,SPOTIFY USA,11.82
2026-03-18,NYTIMES.COM/SUBSCRIBE,4.33
2026-01-18,CHIPOTLE,21.74
2026-01-19,MCDONALDS,12.58
2026-03-30,WALGREENS,36.78
2026-02-08,TARGET T-1902,48.56
2026-02-13,AMAZON.COM*MKTPLACE,31.38
2026-01-31,AMAZON.COM*MKTPLACE,55.92
2026-03-13,LYFT *RIDE,12.27
2026-01-30,UBER *TRIP,17.23
2026-03-03,MCDONALDS,15.53
2026-02-07,PLANET FITNESS #4471,25.46
2026-03-25,NYTIMES.COM/SUBSCRIBE,4.29
2026-03-27,CHIPOTLE,18.16
2026-03-01,WALGREENS,29.56
2026-02-19,KROGER,39.61
2026-02-19,AMAZON.COM*MKTPLACE,45.31
2026-02-11,NYTIMES.COM/SUBSCRIBE,4.29
2026-01-31,DOORDASH*ORDER,29.52
2026-03-30,DOORDASH*ORDER,52.33
2026-01-20,SHELL OIL,37.68
2026-01-21,CHIPOTLE,9.60
2026-01-04,TRADER JOES #112,89.23
2026-03-06,DISNEY PLUS,14.13
2026-01-08,LYFT *RIDE,8.33
2026-03-29,KROGER,94.26
2026-03-24,LYFT *RIDE,16.10
2026-01-01,UBER *TRIP,42.58
2026-01-19,KROGER,64.67
2026-01-15,MCDONALDS,12.11
2026-03-29,UBER *TRIP,29.16
2026-02-12,WALMART,12.93
